A_i,sec_struct_3state,sec_struct_conf,i,in_model
V,C,9,1,False
K,C,8,2,False
P,C,5,3,False
V,C,8,4,True
T,C,8,5,True
L,H,9,6,True
Y,H,8,7,True
D,H,8,8,True
V,H,9,9,True
A,H,9,10,True
E,H,8,11,True
Y,H,8,12,True
A,C,0,13,True
G,C,9,14,True
V,C,9,15,True
S,C,8,16,True
Y,C,2,17,True
Q,C,2,18,True
T,C,2,19,True
V,C,0,20,True
S,C,1,21,True
R,C,0,22,True
V,C,1,23,True
V,C,3,24,True
N,C,9,25,True
Q,C,9,26,True
A,C,9,27,True
S,C,9,28,True
H,C,9,29,True
V,C,9,30,True
S,C,9,31,True
A,H,7,32,True
K,H,8,33,True
T,H,9,34,True
R,H,9,35,True
E,H,9,36,True
K,H,9,37,True
V,H,9,38,True
E,H,9,39,True
A,H,9,40,True
A,H,9,41,True
M,H,9,42,True
A,H,9,43,True
E,H,8,44,True
L,C,0,45,True
N,C,9,46,True
Y,C,9,47,True
I,C,8,48,True
P,C,8,49,True
N,C,7,50,True
R,H,8,51,True
V,H,7,52,True
A,H,7,53,True
Q,H,4,54,True
Q,H,2,55,True
L,H,2,56,True
A,H,1,57,True
G,C,1,58,True
K,C,9,59,True
Q,C,9,60,True
S,C,8,61,True
L,C,7,62,True
L,E,7,63,True
I,E,9,64,True
G,E,9,65,True
V,E,9,66,True
A,E,8,67,True
T,E,3,68,True
S,C,5,69,True
S,C,9,70,True
L,C,9,71,True
A,C,9,72,True
L,C,8,73,True
H,C,7,74,True
A,C,2,75,True
P,H,8,76,True
S,H,9,77,True
Q,H,9,78,True
I,H,9,79,True
V,H,9,80,True
A,H,9,81,True
A,H,9,82,True
I,H,9,83,True
K,H,9,84,True
S,H,9,85,True
R,H,9,86,True
A,H,9,87,True
D,H,9,88,True
Q,H,8,89,True
L,C,5,90,True
G,C,9,91,True
A,C,9,92,True
S,E,0,93,True
V,E,9,94,True
V,E,9,95,True
V,E,9,96,True
S,E,9,97,True
M,E,4,98,True
V,C,7,99,True
E,C,8,100,True
R,C,9,101,True
S,C,9,102,True
G,C,9,103,True
V,H,9,104,True
E,H,9,105,True
A,H,9,106,True
C,H,9,107,True
K,H,9,108,True
A,H,9,109,True
A,H,9,110,True
V,H,9,111,True
H,H,9,112,True
N,H,9,113,True
L,H,8,114,True
L,H,8,115,True
A,H,1,116,True
Q,C,9,117,True
R,C,9,118,True
V,C,7,119,True
S,C,4,120,True
G,E,9,121,True
L,E,9,122,True
I,E,9,123,True
I,E,9,124,True
N,E,0,125,True
Y,C,8,126,True
P,C,8,127,True
L,C,9,128,True
D,C,9,129,True
D,C,9,130,True
Q,H,2,131,True
D,H,6,132,True
A,H,8,133,True
I,H,9,134,True
A,H,9,135,True
V,H,9,136,True
E,H,9,137,True
A,H,8,138,True
A,H,1,139,True
C,C,6,140,True
T,C,9,141,True
N,C,9,142,True
V,C,9,143,True
P,C,3,144,True
A,E,9,145,True
L,E,9,146,True
F,E,9,147,True
L,E,8,148,True
D,E,0,149,True
V,C,6,150,True
S,C,8,151,True
D,C,9,152,True
Q,C,9,153,True
T,C,9,154,True
P,C,9,155,True
I,C,8,156,True
N,C,7,157,True
S,E,2,158,True
I,E,7,159,True
I,E,6,160,True
F,E,1,161,True
S,C,7,162,True
H,C,0,163,True
E,H,7,164,True
D,H,8,165,True
G,H,9,166,True
T,H,9,167,True
R,H,9,168,True
L,H,9,169,True
G,H,9,170,True
V,H,9,171,True
E,H,9,172,True
H,H,9,173,True
L,H,9,174,True
V,H,9,175,True
A,H,7,176,True
L,C,3,177,True
G,C,8,178,True
H,C,9,179,True
Q,C,9,180,True
Q,C,0,181,True
I,E,8,182,True
A,E,9,183,True
L,E,9,184,True
L,E,7,185,True
A,C,0,186,True
G,C,8,187,True
P,C,9,188,True
L,C,9,189,True
S,C,9,190,True
S,C,9,191,True
V,H,5,192,True
S,H,2,193,True
A,H,8,194,True
R,H,9,195,True
L,H,9,196,True
R,H,9,197,True
L,H,9,198,True
A,H,9,199,True
G,H,9,200,True
W,H,9,201,True
H,H,9,202,True
K,H,9,203,True
Y,H,9,204,True
L,H,9,205,True
T,H,9,206,True
R,H,7,207,True
N,C,7,208,True
Q,C,9,209,True
I,C,9,210,True
Q,C,9,211,True
P,C,9,212,True
I,C,9,213,True
A,C,5,214,True
E,E,6,215,True
R,E,1,216,True
E,C,0,217,True
G,C,5,218,True
D,C,8,219,True
W,C,9,220,True
S,C,8,221,True
A,C,0,222,True
M,H,7,223,True
S,H,8,224,True
G,H,9,225,True
F,H,9,226,True
Q,H,9,227,True
Q,H,9,228,True
T,H,9,229,True
M,H,9,230,True
Q,H,9,231,True
M,H,8,232,True
L,H,5,233,True
N,C,1,234,True
E,C,9,235,True
G,C,9,236,True
I,C,9,237,True
V,C,9,238,True
P,C,9,239,True
T,C,6,240,True
A,E,9,241,True
M,E,9,242,True
L,E,9,243,True
V,E,7,244,True
A,C,4,245,True
N,C,6,246,True
D,C,4,247,True
Q,H,6,248,True
M,H,8,249,True
A,H,9,250,True
L,H,9,251,True
G,H,9,252,True
A,H,9,253,True
M,H,9,254,True
R,H,9,255,True
A,H,9,256,True
I,H,9,257,True
T,H,9,258,True
E,H,8,259,True
S,C,5,260,True
G,C,9,261,True
L,C,9,262,True
R,C,8,263,True
V,C,8,264,True
G,C,9,265,True
A,C,9,266,True
D,C,5,267,True
I,C,3,268,True
S,C,0,269,True
V,E,6,270,True
V,E,6,271,True
G,E,2,272,True
Y,E,0,273,True
D,C,6,274,True
D,C,9,275,True
T,C,5,276,True
E,C,6,277,True
D,C,5,278,True
S,C,4,279,True
S,C,6,280,True
C,C,4,281,True
Y,C,5,282,True
I,C,7,283,True
P,C,7,284,True
P,C,8,285,True
L,C,6,286,True
T,C,5,287,True
T,C,1,288,True
I,C,2,289,True
K,C,0,290,True
Q,C,0,291,True
D,C,4,292,True
F,H,9,293,True
R,H,9,294,True
L,H,9,295,True
L,H,9,296,True
G,H,9,297,True
Q,H,9,298,True
T,H,9,299,True
S,H,9,300,True
V,H,9,301,True
D,H,9,302,True
R,H,9,303,True
L,H,9,304,True
L,H,9,305,True
Q,H,8,306,True
L,H,8,307,True
S,H,8,308,True
Q,C,1,309,True
G,C,9,310,True
Q,C,9,311,True
A,C,9,312,True
V,C,9,313,True
K,C,8,314,True
G,C,8,315,True
N,C,6,316,True
Q,C,3,317,True
L,C,2,318,True
L,C,2,319,True
P,C,5,320,True
V,C,6,321,True
S,E,4,322,True
L,E,7,323,True
V,E,8,324,True
K,E,4,325,True
R,C,3,326,True
K,C,6,327,True
T,C,8,328,True
T,C,8,329,True
L,C,9,330,True
A,C,9,331,False
P,C,9,332,False
N,C,9,333,False
T,C,9,334,False
Q,C,9,335,False
T,C,9,336,False
A,C,9,337,False
S,C,9,338,False
P,H,3,339,False
R,H,7,340,False
A,H,8,341,False
L,H,9,342,False
A,H,9,343,False
D,H,9,344,False
S,H,9,345,False
L,H,9,346,False
M,H,9,347,False
Q,H,9,348,False
L,H,9,349,False
A,H,9,350,False
R,H,9,351,False
Q,H,9,352,False
V,H,7,353,False
S,H,0,354,False
R,C,2,355,False
L,C,1,356,False
E,C,4,357,False
S,C,7,358,False
G,C,9,359,False
Q,C,9,360,False
