alignment_id,pdb_id,pdb_chain,uniprot_ac,uniprot_id,alignment_start,alignment_end,bitscore,e_value,resseq_start,resseq_end,coord_start,coord_end,uniprot_start,uniprot_end,uniprot_id_,overlap,mapping_index,grouped_segments
evsp|P03023|LACI_ECOLI/1-360,1cjg,A,P03023,LACI_ECOLI,1,360,762.7,9.999999999999997e-230,1,62,1,62,1,62,LACI_ECOLI,62,0,False
evsp|P03023|LACI_ECOLI/1-360,1tlf,C,P03023,LACI_ECOLI,1,360,762.7,9.999999999999997e-230,2,297,61,356,61,356,LACI_ECOLI,296,31,False
evsp|P03023|LACI_ECOLI/1-360,2bjc,A,P03023,LACI_ECOLI,1,360,762.7,9.999999999999997e-230,1,62,1,62,1,62,LACI_ECOLI,62,33,False
evsp|P03023|LACI_ECOLI/1-360,2bjc,B,P03023,LACI_ECOLI,1,360,762.7,9.999999999999997e-230,1,62,101,162,1,62,LACI_ECOLI,62,34,False
evsp|P03023|LACI_ECOLI/1-360,2kei,A,P03023,LACI_ECOLI,1,360,762.7,9.999999999999997e-230,1,62,1,62,1,62,LACI_ECOLI,62,35,False
evsp|P03023|LACI_ECOLI/1-360,1cjg,B,P03023,LACI_ECOLI,1,360,762.7,9.999999999999997e-230,1,62,1,62,1,62,LACI_ECOLI,62,1,False
evsp|P03023|LACI_ECOLI/1-360,2kej,A,P03023,LACI_ECOLI,1,360,762.7,9.999999999999997e-230,1,62,1,62,1,62,LACI_ECOLI,62,37,False
evsp|P03023|LACI_ECOLI/1-360,2kej,B,P03023,LACI_ECOLI,1,360,762.7,9.999999999999997e-230,1,62,1,62,1,62,LACI_ECOLI,62,38,False
evsp|P03023|LACI_ECOLI/1-360,2kek,A,P03023,LACI_ECOLI,1,360,762.7,9.999999999999997e-230,1,62,1,62,1,62,LACI_ECOLI,62,39,False
evsp|P03023|LACI_ECOLI/1-360,2kek,B,P03023,LACI_ECOLI,1,360,762.7,9.999999999999997e-230,1,62,1,62,1,62,LACI_ECOLI,62,40,False
evsp|P03023|LACI_ECOLI/1-360,2p9h,A,P03023,LACI_ECOLI,1,360,762.7,9.999999999999997e-230,1,269,62,330,62,330,LACI_ECOLI,269,41,False
evsp|P03023|LACI_ECOLI/1-360,2p9h,B,P03023,LACI_ECOLI,1,360,762.7,9.999999999999997e-230,1,269,62,330,62,330,LACI_ECOLI,269,42,False
evsp|P03023|LACI_ECOLI/1-360,2paf,A,P03023,LACI_ECOLI,1,360,762.7,9.999999999999997e-230,1,269,62,330,62,330,LACI_ECOLI,269,43,False
evsp|P03023|LACI_ECOLI/1-360,2paf,B,P03023,LACI_ECOLI,1,360,762.7,9.999999999999997e-230,1,269,62,330,62,330,LACI_ECOLI,269,44,False
evsp|P03023|LACI_ECOLI/1-360,2pe5,A,P03023,LACI_ECOLI,1,360,762.7,9.999999999999997e-230,1,328,2,329,2,329,LACI_ECOLI,328,45,False
evsp|P03023|LACI_ECOLI/1-360,2pe5,B,P03023,LACI_ECOLI,1,360,762.7,9.999999999999997e-230,1,330,2,331,2,331,LACI_ECOLI,330,46,False
evsp|P03023|LACI_ECOLI/1-360,2pe5,C,P03023,LACI_ECOLI,1,360,762.7,9.999999999999997e-230,1,328,2,329,2,329,LACI_ECOLI,328,47,False
evsp|P03023|LACI_ECOLI/1-360,3edc,A,P03023,LACI_ECOLI,1,360,762.7,9.999999999999997e-230,61,360,61,360,61,360,LACI_ECOLI,300,48,False
evsp|P03023|LACI_ECOLI/1-360,3edc,B,P03023,LACI_ECOLI,1,360,762.7,9.999999999999997e-230,61,360,61,360,61,360,LACI_ECOLI,300,49,False
evsp|P03023|LACI_ECOLI/1-360,3edc,C,P03023,LACI_ECOLI,1,360,762.7,9.999999999999997e-230,61,360,61,360,61,360,LACI_ECOLI,300,50,False
evsp|P03023|LACI_ECOLI/1-360,3edc,D,P03023,LACI_ECOLI,1,360,762.7,9.999999999999997e-230,61,360,61,360,61,360,LACI_ECOLI,300,51,False
